{
    "name": "Global Information",
    "numberOfRequests": {
        "total": 3600,
        "ok": 2160,
        "ko": 1440
    },
    "minResponseTime": {
        "total": 2,
        "ok": 2,
        "ko": 308
    },
    "maxResponseTime": {
        "total": 13758,
        "ok": 13758,
        "ko": 4428
    },
    "meanResponseTime": {
        "total": 1702,
        "ok": 1647,
        "ko": 1784
    },
    "standardDeviation": {
        "total": 1500,
        "ok": 1794,
        "ko": 884
    },
    "percentiles1": {
        "total": 1447,
        "ok": 449,
        "ko": 2041
    },
    "percentiles2": {
        "total": 2724,
        "ok": 3355,
        "ko": 2306
    },
    "percentiles3": {
        "total": 4396,
        "ok": 5075,
        "ko": 3156
    },
    "percentiles4": {
        "total": 5579,
        "ok": 6550,
        "ko": 4390
    },
    "group1": {
    "name": "t < 800 ms",
    "count": 1191,
    "percentage": 33
},
    "group2": {
    "name": "800 ms < t < 1200 ms",
    "count": 60,
    "percentage": 2
},
    "group3": {
    "name": "t > 1200 ms",
    "count": 909,
    "percentage": 25
},
    "group4": {
    "name": "failed",
    "count": 1440,
    "percentage": 40
},
    "meanNumberOfRequestsPerSecond": {
        "total": 225.0,
        "ok": 135.0,
        "ko": 90.0
    }
}